Workbook

Sheet ProductBacklog
A1: Java Stream Case Study - FSE Program
A2: Project Scope: Inventory Management System (IMS) should be able to fetch all the essential details by hitting vendor and material services and hold functionalities to help insert purchase details
A3: No | B3: Product Backlog Items
A4: 1 | B4: Invoking Vendor Micro Service for fetching Vendor Information
A5: 2 | B5: Invoking Material Micro Service for fetching details of Materials available.
A6: 3 | B6: Registering the purchases made with different Vendors and Retrieving the details of materials purchased from a selected vendor between specified dates.
A7: Product Backlog Items and Requirement Description
A8: No | B8: Product Backlog Items | C8: User Story Title | D8: Requirement Description
A9: 1 | B9: Invoking Vendor Micro Service for fetching Vendor Information | C9: Vendor Microservice | D9: This requirement focuses on building and deploying vendor micro service application So that all the vendor details can be fetched from the service which helps to generate a Purchase Entry in our application.
A10: 2 | B10: Invoking Material Micro Service for fetching details of Materials available | C10: Material Microservice | D10: This requirement focuses on building and deploying material micro service application So that all the material details can be fetched from the service which helps to generate a Purchase Entry in our application.
A11: 3 | B11: Registering the purchases made with different Vendors and Retrieving the details of materials purchased from a selected vendor between specified dates | C11: Material Purchase Entry | D11: This requirement focuses on saving the materials purchased from different vendors in IMS database, So that the purchase details are maintained internally which helps retrieving materials purchased from a selected vendor between specified dates.

Sheet UserStories
A1: Java Stream Case Study - FSE Program
A2: Project Scope: Inventory Management System (IMS) should be able to fetch all the essential details by hitting vendor and material services and hold functionalities to help insert purchase details
A3: Functionality: This user story focuses on building and deploying vendor micro service application. So that all the vendor details can be fetched from the service which helps to generate a Purchase Entry in our application.
A4: Id: UserStory-01 User Story Title: Vendor Microservice
A5: Narrative: As a developer, I want to build and deploy vendor service application So that all the vendor details are provided as a service
A6: Acceptance Criteria:
A7: 1. Import the vendor service project structure provided
A8: 2. Create a REST service to fetch list of vendors from DB
A9: 3. Create JUnit test classes for vendor controller, service and DAO classes
A10: 4. Run and test vendor application
A11: Functionality: This user story focuses on building and deploying material micro service application. So that all the material details can be fetched from the service which helps to generate a Purchase Entry in our application.
A12: Id: UserStory-02 User Story Title: Material Microservice
... A34: 10. Run and test IMS application

Sheet StoryPoints&SprintPlan
A1: Java Stream Case Study - FSE Program
A2: Project Scope: Inventory Management System (IMS) should be able to fetch all the essential details by hitting vendor and material services and hold functionalities to help insert purchase details
A3: User Story | B3: User Story Title | C3: Priority | D3: Story Points | E3: Note: 1. Enter the story points identified against each story, so that total story points will be calculated automatically. 2. Update the team size value, if it is different. So that the initial Team Velocity will be calculated automatically. 3. Based on the total Story Points and Team's Veocity, number of Sprint will be calculated automatically 4. Capture the user stories to be completed on each Sprint
A4: UserStory-01 | B4: Vendor Microservice | C4: Must Have | D4: 5
A5: UserStory-02 | B5: Material Microservice | C5: Must Have | D5: 5
A6: UserStory-03 | B6: Purchase Entry | C6: Must Have | D6: 8
A7: Total | D7: =SUM(Table5[Story Points]) -> 18
A8: Inventory Management System - Sprint Release Plan
A9: Enter Team Size | B9: 1 | C9: Team velocity = Total Days of App Development * Team Size * 0.6 (approximate productive time in hours) | F9: =5*B9*0.6 -> 3
A10: Number of Sprints = Total Story points / Velocity | D10: =D7/F9 -> 6
A11: Sprint 1 | B11: Story Points | C11: Sprint 2 | D11: Story Points | E11: Sprint 3 (If required) | F11: Story Points
A12: UserStory-01 | B12: 5 | C12: UserStory-03 | D12: 8 | F12: 0
A13: UserStory-02 | B13: 5 | C13: UserStory-02 | D13: 0 | F13: 0
A14: Total | B14: =SUM(B12:B13) -> 10 | C14: Total | D14: =SUM(D12:D13) -> 8 | E14: Total | F14: =SUM(F12:F13) -> 0

Sheet ActivityEffortEstimation
A1: Java Stream Case Study - FSE Program
A2: Project Scope: Inventory Management System (IMS) should be able to fetch all the essential details by hitting vendor and material services and hold functionalities to help insert purchase details
A3: User Story Id | B3: User Story Title | C3: Identified Tasks | D3: Task Id | E3: Owner | F3: Estimation - Effort and Task Completion Status | H3: High Level View - Task Completion Status
F4: Effort in hours | G4: To be Completed on | H4: Day | I4: No. of Tasks to be Completed
A5: UserStory-01 | B5: Vendor Microservice | C5: Import the vendor service project structure provided | D5: Task-01 | E5: Kanika Baskar | F5: 1 | G5: Day 1 | H5: Day 1 | I5: =COUNTIF(G5:G24,"Day 1") -> 4
C6: Create a REST service to fetch list of vendors from DB | D6: Task-02 | E6: Kanika Baskar | F6: 1 | G6: Day 1 | H6: Day 2 | I6: =COUNTIF(G6:G25,"Day 2") -> 4
C7: Create JUnit test classes for vendor controller, service and DAO classes | D7: Task-03 | E7: Kanika Baskar | F7: 4 | G7: Day 1 | H7: Day 3 | I7: =COUNTIF(G7:G26,"Day 3") -> 3
C8: Run and test vendor application | D8: Task-04 | E8: Kanika Baskar | F8: 1 | G8: Day 1 | H8: Day 4 | I8: =COUNTIF(G8:G27,"Day 4") -> 4
A9: UserStory-02 | B9: Material Microservice | C9: Import the material service project structure provided | D9: Task-05 | E9: Kanika Baskar | F9: 1 | G9: Day 2 | H9: Day 5 | I9: =COUNTIF(G9:G28,"Day 5") -> 5
C10: Create a REST service that fetches material category list from DB | D10: Task-06 | E10: Kanika Baskar | F10: 1 | G10: Day 2
C11: Create a REST service that fetches material type list for the chosen category from DB | D11: Task-07 | E11: Kanika Baskar | F11: 2 | G11: Day 2
C12: Create a REST service that fetches unit list for the chosen category from DB | D12: Task-08 | E12: Kanika Baskar | F12: 2 | G12: Day 2
C13: Create JUnit test classes for all material controllers, services and DAO classes | D13: Task-09 | E13: Kanika Baskar | F13: 3 | G13: Day 3 | W13: Day 1
C14: Run and test material application | D14: Task-10 | E14: Kanika Baskar | F14: 1 | G14: Day 3 | W14: Day 2
A15: UserStory-03 | B15: Material Purchase Entry | C15: Create purchase bean, vendorwise purchase report bean and purchase entity classes | D15: Task-11 | E15: Kanika Baskar | F15: 2 | G15: Day 3 | W15: Day 3
C16: Create a REST client to retrieve vendor list using vendor microservice | D16: Task-12 | E16: Kanika Baskar | F16: 2 | G16: Day 4 | W16: Day 4
C17: Create a REST client to retrieve material category list using material microservice | D17: Task-13 | E17: Kanika Baskar | F17: 2 | G17: Day 4 | W17: Day 5
C18: Create a REST client to retrieve material type list specific to a material category using material service | D18: Task-14 | E18: Kanika Baskar | F18: 2 | G18: Day 4
C19: Create a REST client to retrieve unit list specific to a material category using material microservice | D19: Task-15 | E19: Kanika Baskar | F19: 2 | G19: Day 4
C20: Create a React application that allows users to: View the Home Page. Enter a Purchase Order. View Purchase Order Success Confirmation. Generate and display purchase reports for a selected vendor within a specified date range. Use modern React practices, HTML5, and CSS3 for UI design. | D20: Task-16 | E20: Kanika Baskar | F20: 4 | G20: Day 5
C21: Implement validation in React components by validating mandatory fields, numeric inputs, date ranges, input formats, displaying appropriate error messages below fields, preventing form submission on validation failures, and providing visual feedback for valid/invalid inputs. | D21: Task-17 | E21: Kanika Baskar | F21: 2 | G21: Day 5
C22: Add PurchaseEntryController, ReportsController, Service and DAO classes | D22: Task-18 | E22: Kanika Baskar | F22: 2 | G22: Day 5
C23: Create JUnit test classes for all IMS controllers, services and DAO classes | D23: Task-19 | E23: Kanika Baskar | F23: 2 | G23: Day 5
C24: Run and test IMS application | D24: Task-20 | E24: Kanika Baskar | F24: 1 | G24: Day 5
A25: Total Number of Tasks | D25: =COUNTIF(D5:D24,"*Task-*") -> 20 | E25: Total Hours | F25: =SUM(F5:F24) -> 38

Sheet ActivityTracker
A1: Java Stream Case Study - FSE Program
A2: Project Scope: Inventory Management System (IMS) should be able to fetch all the essential details by hitting vendor and material services and hold functionalities to help insert purchase details
B3: Activity Details & Effort Estimation | F3: Day of Sprint, Actual Effort & Status of Activity
A4: Backlog Item | B4: UserStory Id | C4: Task | D4: Owner | E4: Estimated Effort | F4: Day 1 | G4: Status | H4: Day 2 | I4: Status | J4: Day 3 | K4: Status | L4: Day 4 | M4: Status | N4: Day 5 | O4: Status
A5: User Story 1 - build and deploy vendor application. So that all the vendor details are provided as a service | B5: UserStory-01 | C5: Task-01 | D5: Kanika Baskar | E5: =(ActivityEffortEstimation!F5) -> 1 | F5: 0.5 | G5: Completed
C6: Task-02 | D6: Kanika Baskar | E6: =(ActivityEffortEstimation!F6) -> 1 | F6: 1 | G6: Completed
C7: Task-03 | D7: Kanika Baskar | E7: =(ActivityEffortEstimation!F7) -> 4 | F7: 3.5 | G7: Completed
C8: Task-04 | D8: Kanika Baskar | E8: =(ActivityEffortEstimation!F8) -> 1 | F8: 1 | G8: Completed
A9: User Story 2 - build and deploy material application. So that all the material details are provided as a service | B9: UserStory-02 | C9: Task-05 | D9: Kanika Baskar | E9: =(ActivityEffortEstimation!F9) -> 1 | H9: 0.5 | I9: Completed
C10: Task-06 | D10: Kanika Baskar | E10: =(ActivityEffortEstimation!F10) -> 1 | H10: 1 | I10: Completed
C11: Task-07 | D11: Kanika Baskar | E11: =(ActivityEffortEstimation!F11) -> 2 | H11: 1.5 | I11: Completed
C12: Task-08 | D12: Kanika Baskar | E12: =(ActivityEffortEstimation!F12) -> 2 | H12: 1.5 | I12: Completed
C13: Task-09 | D13: Kanika Baskar | E13: =(ActivityEffortEstimation!F13) -> 3 | H13: 2.5 | I13: Completed
C14: Task-10 | D14: Kanika Baskar | E14: =(ActivityEffortEstimation!F14) -> 1 | J14: 0.5 | K14: Completed
A15: User Story 3 | B15: UserStory-03 | C15: Task-11 | D15: Kanika Baskar | E15: =(ActivityEffortEstimation!F15) -> 2 | J15: 1.5 | K15: Completed
C16: Task-12 | D16: Kanika Baskar | E16: =(ActivityEffortEstimation!F16) -> 2 | J16: 2 | K16: Completed
C17: Task-13 | D17: Kanika Baskar | E17: =(ActivityEffortEstimation!F17) -> 2 | J17: 2 | K17: Completed
C18: Task-14 | D18: Kanika Baskar | E18: =(ActivityEffortEstimation!F18) -> 2 | L18: 1.5 | M18: Completed | T18: Tasks Completed on a day | Y18: Completed
C19: Task-15 | D19: Kanika Baskar | E19: =(ActivityEffortEstimation!F19) -> 2 | L19: 2 | M19: Completed | T19: Hours spent on a day | Y19: Pending
C20: Task-16 | D20: Kanika Baskar | E20: =(ActivityEffortEstimation!F20) -> 4 | L20: 4 | M20: Completed
C21: Task-17 | D21: Kanika Baskar | E21: =(ActivityEffortEstimation!F21) -> 2 | N21: 1 | O21: Completed
C22: Task-18 | D22: Kanika Baskar | E22: =(ActivityEffortEstimation!F22) -> 2 | N22: 2 | O22: Completed
C23: Task-19 | D23: Kanika Baskar | E23: =(ActivityEffortEstimation!F23) -> 2 | N23: 1.5 | O23: Completed
C24: Task-20 | D24: Kanika Baskar | E24: =(ActivityEffortEstimation!F24) -> 1 | N24: 1 | O24: Completed
B25: Total | E25: =SUM(E5:E24) -> 38 | F25: =SUM(F5:F24) -> 6 | G25: =COUNTIF(G5:G24,"Completed") -> 4 | H25: =SUM(H5:H24) -> 7 | I25: =COUNTIF(I5:I24,"Completed") -> 5 | J25: =SUM(J5:J24) -> 6 | K25: =COUNTIF(K5:K24,"Completed") -> 4 | L25: =SUM(L5:L24) -> 7.5 | M25: =COUNTIF(M5:M24,"Completed") -> 3 | N25: =SUM(N5:N24) -> 5.5 | O25: =COUNTIF(O5:O24,"Completed") -> 4

Sheet BurnDownChart
A1: Java Stream Case Study - FSE Program
A2: Project Scope: Inventory Management System (IMS) should be able to fetch all the essential details by hitting vendor and material services and hold functionalities to help insert purchase details
A3: Burn Down Chart - Inventory Management System
A4: Total Number of Tasks - 20
A5: No | B5: Days | C5: Estimated Tasks remaining | D5: Actual Tasks Remaining
A6: 1 | B6: Day 0 | C6: 20 | D6: 20
A7: 2 | B7: Day 1 | C7: 16 | D7: 16
A8: 3 | B8: Day 2 | C8: =C7-(ActivityEffortEstimation!I6) -> 12 | D8: 11
A9: 4 | B9: Day 3 | C9: =C8-(ActivityEffortEstimation!I7) -> 9 | D9: 7
A10: 5 | B10: Day 4 | C10: =C9-(ActivityEffortEstimation!I8) -> 5 | D10: =D9-(ActivityTracker!M25) -> 4
A11: 6 | B11: Day 5 | C11: =C10-(ActivityEffortEstimation!I9) -> 0 | D11: =D10-(ActivityTracker!O25) -> 0
A12: No | B12: Day | C12: Tasks to be completed | D12: Actual Tasks Completed
A13: 1 | B13: Day 1 | C13: 4 | D13: 4
A14: 2 | B14: Day 2 | C14: 4 | D14: 5
A15: 3 | B15: Day 3 | C15: =ActivityEffortEstimation!I7 -> 3 | D15: 4
A16: 4 | B16: Day 4 | C16: =ActivityEffortEstimation!I8 -> 4 | D16: 3
A17: 5 | B17: Day 5 | C17: =ActivityEffortEstimation!I9 -> 5 | D17: 4
A18: Total | C18: =SUM(C13:C17) -> 20 | D18: =SUM(D13:D17) -> 20
